{
  "background_gradient_bottom_color": "adadad00",
  "background_gradient_top_color": "dbdbdbff",
  "background_style": "vg",
  "bg_type": "two",
  "border_color": "000000ff",
  "border_style": "plain",
  "border_type": 0,
  "border_width": 0,
  "delinkedPltfrms": {
    "desktop": [],
    "mobile": [],
    "tablet": [],
    "watch": []
  },
  "desktopweb": {
    "background_gradient_bottom_color": "ffffff00",
    "background_gradient_top_color": "efefefff",
    "background_style": "vg",
    "bg_type": "two",
    "bottom_left_border_color": "000000ff",
    "bottom_left_border_style": "plain",
    "bottom_left_border_width": 0,
    "bottom_right_border_color": "000000ff",
    "bottom_right_border_style": "plain",
    "bottom_right_border_width": 0,
    "isForked": true,
    "top_left_border_color": "000000ff",
    "top_left_border_style": "plain",
    "top_left_border_width": 0,
    "top_right_border_color": "000000ff",
    "top_right_border_style": "plain",
    "top_right_border_width": 0
  },
  "ipad": {
    "background_gradient_bottom_color": "ffffff00",
    "background_gradient_top_color": "efefefff",
    "background_style": "vg",
    "bg_type": "two",
    "border_color": "000000ff",
    "border_style": "plain",
    "border_type": 0,
    "isForked": true
  },
  "isDefaultSkin": false,
  "kiosk": {
    "background_gradient_bottom_color": "ffffff00",
    "background_gradient_top_color": "efefefff",
    "background_style": "vg",
    "bg_type": "two",
    "border_color": "000000ff",
    "border_style": "plain",
    "border_type": 0,
    "isForked": true
  },
  "kuid": "s497ebccefda40ccb891b14f582e6018",
  "spaandroidtablet": {
    "background_gradient_bottom_color": "ffffff00",
    "background_gradient_top_color": "efefefff",
    "background_style": "vg",
    "bg_type": "two",
    "bottom_left_border_color": "000000ff",
    "bottom_left_border_style": "plain",
    "bottom_left_border_width": 0,
    "bottom_right_border_color": "000000ff",
    "bottom_right_border_style": "plain",
    "bottom_right_border_width": 0,
    "isForked": true,
    "top_left_border_color": "000000ff",
    "top_left_border_style": "plain",
    "top_left_border_width": 0,
    "top_right_border_color": "000000ff",
    "top_right_border_style": "plain",
    "top_right_border_width": 0
  },
  "spaipad": {
    "background_gradient_bottom_color": "ffffff00",
    "background_gradient_top_color": "efefefff",
    "background_style": "vg",
    "bg_type": "two",
    "bottom_left_border_color": "000000ff",
    "bottom_left_border_style": "plain",
    "bottom_left_border_width": 0,
    "bottom_right_border_color": "000000ff",
    "bottom_right_border_style": "plain",
    "bottom_right_border_width": 0,
    "isForked": true,
    "top_left_border_color": "000000ff",
    "top_left_border_style": "plain",
    "top_left_border_width": 0,
    "top_right_border_color": "000000ff",
    "top_right_border_style": "plain",
    "top_right_border_width": 0
  },
  "spawindowstablet": {
    "background_gradient_bottom_color": "ffffff00",
    "background_gradient_top_color": "efefefff",
    "background_style": "vg",
    "bg_type": "two",
    "bottom_left_border_color": "000000ff",
    "bottom_left_border_style": "plain",
    "bottom_left_border_width": 0,
    "bottom_right_border_color": "000000ff",
    "bottom_right_border_style": "plain",
    "bottom_right_border_width": 0,
    "isForked": true,
    "top_left_border_color": "000000ff",
    "top_left_border_style": "plain",
    "top_left_border_width": 0,
    "top_right_border_color": "000000ff",
    "top_right_border_style": "plain",
    "top_right_border_width": 0
  },
  "tabrcandroid": {
    "background_gradient_bottom_color": "ffffff00",
    "background_gradient_top_color": "efefefff",
    "background_style": "vg",
    "bg_type": "two",
    "border_color": "000000ff",
    "border_style": "plain",
    "border_type": 0,
    "isForked": true
  },
  "wType": "FlexContainer",
  "windows8": {
    "background_gradient_bottom_color": "ffffff00",
    "background_gradient_top_color": "efefefff",
    "background_style": "vg",
    "bg_type": "two",
    "border_color": "000000ff",
    "border_style": "plain",
    "border_type": 0,
    "isForked": true
  }
}