{
  "android": {
    "font_color": "000000ff",
    "font_name": "sans-serif",
    "font_size": 170,
    "font_style": "normal",
    "font_weight": "bold",
    "isForked": true
  },
  "androidwearos": {
    "font_color": "000000ff",
    "font_name": "sans-serif",
    "font_size": 170,
    "font_style": "normal",
    "font_weight": "bold",
    "isForked": true
  },
  "background_color": "00000000",
  "bg_type": "one",
  "border_color": "424242ff",
  "border_style": "plain",
  "border_type": 0,
  "border_width": 0,
  "desktopweb": {
    "font_color": "000000ff",
    "font_name": "Helvetica",
    "font_size": 170,
    "font_style": "normal",
    "font_weight": "bold",
    "isForked": true
  },
  "fontSizeInPx": false,
  "font_color": "424242ff",
  "font_name": "Helvetica",
  "font_size": 167,
  "font_style": "normal",
  "font_weight": "normal",
  "ipad": {
    "font_color": "000000ff",
    "font_name": "ClanPro-News",
    "font_size": 170,
    "isForked": true
  },
  "iphone": {
    "font_color": "000000ff",
    "font_name": "Nunito-Medium",
    "font_size": 170,
    "isForked": true
  },
  "isDefaultSkin": false,
  "kiosk": {
    "font_color": "000000ff",
    "font_name": "GenericMonospace",
    "font_size": 170,
    "font_style": "normal",
    "font_weight": "bold",
    "isForked": true
  },
  "kuid": "s59b17e08a9c457babaa30e8bc61b9ed",
  "spaan": {
    "font_color": "000000ff",
    "font_name": "Nunito-Medium",
    "font_size": 170,
    "font_style": "normal",
    "font_weight": "bold",
    "isForked": true
  },
  "spaandroidtablet": {
    "font_color": "000000ff",
    "font_name": "Helvetica",
    "font_size": 170,
    "font_style": "normal",
    "font_weight": "bold",
    "isForked": true
  },
  "spabb": {
    "font_color": "000000ff",
    "font_name": "Helvetica",
    "font_size": 170,
    "font_style": "normal",
    "font_weight": "bold",
    "isForked": true
  },
  "spaip": {
    "font_color": "000000ff",
    "font_name": "Nunito-Medium",
    "font_size": 170,
    "font_style": "normal",
    "font_weight": "bold",
    "isForked": true
  },
  "spaipad": {
    "font_color": "000000ff",
    "font_name": "Helvetica",
    "font_size": 170,
    "font_style": "normal",
    "font_weight": "bold",
    "isForked": true
  },
  "spawindowstablet": {
    "font_color": "000000ff",
    "font_name": "Helvetica",
    "font_size": 170,
    "font_style": "normal",
    "font_weight": "bold",
    "isForked": true
  },
  "spawinphone8": {
    "font_color": "000000ff",
    "font_name": "Helvetica",
    "font_size": 170,
    "font_style": "normal",
    "font_weight": "bold",
    "isForked": true
  },
  "tabrcandroid": {
    "font_color": "000000ff",
    "font_name": "sans-serif",
    "font_size": 170,
    "font_style": "normal",
    "font_weight": "bold",
    "isForked": true
  },
  "wType": "Label",
  "watchos": {
    "font_color": "000000ff",
    "font_name": "Helvetica",
    "font_size": 170,
    "font_weight": "bold",
    "isForked": true
  },
  "windows8": {
    "font_color": "000000ff",
    "font_name": "GenericMonospace",
    "font_size": 170,
    "font_style": "normal",
    "font_weight": "bold",
    "isForked": true
  },
  "winphone8": {
    "font_color": "000000ff",
    "font_name": "GenericMonospace",
    "font_size": 170,
    "font_style": "normal",
    "font_weight": "bold",
    "isForked": true
  }
}