{
    "android": {
        "background_color": "ffffff00",
        "bg_type": "one",
        "border_color": "f2f2f2ff",
        "border_style": "custom",
        "border_type": 0,
        "border_width": 3,
        "bottom_left_border_radius": 100,
        "bottom_right_border_radius": 100,
        "isForked": true,
        "top_left_border_radius": 100,
        "top_right_border_radius": 100
    },
    "background_color": "ffffff00",
    "bg_type": "one",
    "border_color": "ffffffff",
    "border_radius": 0,
    "border_style": "custom",
    "border_type": 0,
    "border_width": 1,
    "delinkedPltfrms": {
        "desktop": [],
        "mobile": [],
        "tablet": [],
        "watch": []
    },
    "desktopweb": {
        "background_color": "ffffff00",
        "bg_type": "one",
        "bottom_left_border_color": "ffffffff",
        "bottom_left_border_style": "plain",
        "bottom_left_border_width": 1,
        "bottom_right_border_color": "ffffffff",
        "bottom_right_border_style": "plain",
        "bottom_right_border_width": 1,
        "isForked": true,
        "top_left_border_color": "ffffffff",
        "top_left_border_style": "plain",
        "top_left_border_width": 1,
        "top_right_border_color": "ffffffff",
        "top_right_border_style": "plain",
        "top_right_border_width": 1
    },
    "ipad": {
        "background_color": "ffffff00",
        "bg_type": "one",
        "border_color": "f2f2f2ff",
        "border_radius": 100,
        "border_style": "custom",
        "border_type": 0,
        "border_width": 3,
        "isForked": true
    },
    "iphone": {
        "background_color": "ffffff00",
        "bg_type": "one",
        "border_color": "f2f2f2ff",
        "border_radius": 100,
        "border_style": "custom",
        "border_type": 0,
        "border_width": 3,
        "isForked": true
    },
    "isDefaultSkin": false,
    "kiosk": {
        "background_color": "ffffff00",
        "bg_type": "one",
        "border_color": "f2f2f2ff",
        "border_radius": 100,
        "border_style": "custom",
        "border_type": 0,
        "border_width": 3,
        "isForked": true
    },
    "kuid": "s7974c303b8d457fa3b49f129c131405",
    "spaan": {
        "background_color": "ffffff00",
        "bg_type": "one",
        "bottom_left_border_color": "ffffffff",
        "bottom_left_border_style": "plain",
        "bottom_left_border_width": 1,
        "bottom_right_border_color": "ffffffff",
        "bottom_right_border_style": "plain",
        "bottom_right_border_width": 1,
        "isForked": true,
        "top_left_border_color": "ffffffff",
        "top_left_border_style": "plain",
        "top_left_border_width": 1,
        "top_right_border_color": "ffffffff",
        "top_right_border_style": "plain",
        "top_right_border_width": 1
    },
    "spaandroidtablet": {
        "background_color": "ffffff00",
        "bg_type": "one",
        "bottom_left_border_color": "ffffffff",
        "bottom_left_border_style": "plain",
        "bottom_left_border_width": 1,
        "bottom_right_border_color": "ffffffff",
        "bottom_right_border_style": "plain",
        "bottom_right_border_width": 1,
        "isForked": true,
        "top_left_border_color": "ffffffff",
        "top_left_border_style": "plain",
        "top_left_border_width": 1,
        "top_right_border_color": "ffffffff",
        "top_right_border_style": "plain",
        "top_right_border_width": 1
    },
    "spabb": {
        "background_color": "ffffff00",
        "bg_type": "one",
        "bottom_left_border_color": "ffffffff",
        "bottom_left_border_style": "plain",
        "bottom_left_border_width": 1,
        "bottom_right_border_color": "ffffffff",
        "bottom_right_border_style": "plain",
        "bottom_right_border_width": 1,
        "isForked": true,
        "top_left_border_color": "ffffffff",
        "top_left_border_style": "plain",
        "top_left_border_width": 1,
        "top_right_border_color": "ffffffff",
        "top_right_border_style": "plain",
        "top_right_border_width": 1
    },
    "spaip": {
        "background_color": "ffffff00",
        "bg_type": "one",
        "bottom_left_border_color": "ffffffff",
        "bottom_left_border_style": "plain",
        "bottom_left_border_width": 1,
        "bottom_right_border_color": "ffffffff",
        "bottom_right_border_style": "plain",
        "bottom_right_border_width": 1,
        "isForked": true,
        "top_left_border_color": "ffffffff",
        "top_left_border_style": "plain",
        "top_left_border_width": 1,
        "top_right_border_color": "ffffffff",
        "top_right_border_style": "plain",
        "top_right_border_width": 1
    },
    "spaipad": {
        "background_color": "ffffff00",
        "bg_type": "one",
        "bottom_left_border_color": "ffffffff",
        "bottom_left_border_style": "plain",
        "bottom_left_border_width": 1,
        "bottom_right_border_color": "ffffffff",
        "bottom_right_border_style": "plain",
        "bottom_right_border_width": 1,
        "isForked": true,
        "top_left_border_color": "ffffffff",
        "top_left_border_style": "plain",
        "top_left_border_width": 1,
        "top_right_border_color": "ffffffff",
        "top_right_border_style": "plain",
        "top_right_border_width": 1
    },
    "spawindowstablet": {
        "background_color": "ffffff00",
        "bg_type": "one",
        "bottom_left_border_color": "ffffffff",
        "bottom_left_border_style": "plain",
        "bottom_left_border_width": 1,
        "bottom_right_border_color": "ffffffff",
        "bottom_right_border_style": "plain",
        "bottom_right_border_width": 1,
        "isForked": true,
        "top_left_border_color": "ffffffff",
        "top_left_border_style": "plain",
        "top_left_border_width": 1,
        "top_right_border_color": "ffffffff",
        "top_right_border_style": "plain",
        "top_right_border_width": 1
    },
    "spawinphone8": {
        "background_color": "ffffff00",
        "bg_type": "one",
        "bottom_left_border_color": "ffffffff",
        "bottom_left_border_style": "plain",
        "bottom_left_border_width": 1,
        "bottom_right_border_color": "ffffffff",
        "bottom_right_border_style": "plain",
        "bottom_right_border_width": 1,
        "isForked": true,
        "top_left_border_color": "ffffffff",
        "top_left_border_style": "plain",
        "top_left_border_width": 1,
        "top_right_border_color": "ffffffff",
        "top_right_border_style": "plain",
        "top_right_border_width": 1
    },
    "tabrcandroid": {
        "background_color": "ffffff00",
        "bg_type": "one",
        "border_color": "f2f2f2ff",
        "border_style": "custom",
        "border_type": 0,
        "border_width": 3,
        "bottom_left_border_radius": 100,
        "bottom_right_border_radius": 100,
        "isForked": true,
        "top_left_border_radius": 100,
        "top_right_border_radius": 100
    },
    "wType": "FlexContainer",
    "windows8": {
        "background_color": "ffffff00",
        "bg_type": "one",
        "border_color": "f2f2f2ff",
        "border_style": "custom",
        "border_type": 0,
        "border_width": 3,
        "bottom_left_border_radius": 100,
        "bottom_right_border_radius": 100,
        "isForked": true,
        "top_left_border_radius": 100,
        "top_right_border_radius": 100
    },
    "winphone8": {
        "background_color": "ffffff00",
        "bg_type": "one",
        "border_color": "f2f2f2ff",
        "border_style": "custom",
        "border_type": 0,
        "border_width": 3,
        "bottom_left_border_radius": 100,
        "bottom_right_border_radius": 100,
        "isForked": true,
        "top_left_border_radius": 100,
        "top_right_border_radius": 100
    }
}