{
    "@class": "com.kony.gen.viz.model.component.KVizButton",
    "DNDConfig": null,
    "__parentReadjusting__": false,
    "_height_": {
        "type": "string",
        "value": "50dp"
    },
    "_left_": {
        "type": "string",
        "value": "0%"
    },
    "_margin_": [
        6,
        6,
        6,
        6
    ],
    "_padding_": [
        0,
        0,
        0,
        0
    ],
    "_skin_": "s9723278c6eb4dcba60e8927e8e1e130",
    "_text_": "Menu",
    "_top_": {
        "type": "string",
        "value": "50%"
    },
    "_width_": {
        "type": "string",
        "value": "40%"
    },
    "canUpdateUI": true,
    "centerx": {
        "type": "string",
        "value": "50%"
    },
    "centery": {
        "type": "string",
        "value": "69.54%"
    },
    "containerweight": 100,
    "contentalignment": 5,
    "disabledSkins": {},
    "displaytext": true,
    "focusskin": "s0bf29fd48dd48b5979da17a32fb55ef",
    "id": "btnBack",
    "info": null,
    "iphone": {
        "psp": {
            "showProgressIndicator": false
        }
    },
    "isvisible": true,
    "kuid": "f2fd351fde9747c79db7c6f30126fe9e",
    "name": "kony.ui.Button",
    "onclick": "AS_Button_e326feb43e0e4f8086d1e9a666bea044",
    "parent": "FlxBackGround",
    "pf": "frmFoodOrdering",
    "showprogressindicator": false,
    "wType": "Button",
    "zindex": 210
}