{
    "DNDConfig": null,
    "__parentReadjusting__": false,
    "_height_": {
        "type": "string",
        "value": "100%"
    },
    "_margin_": [
        0,
        0,
        0,
        0
    ],
    "_orientation_": 6,
    "_padding_": [
        0,
        0,
        0,
        0
    ],
    "_percent_": true,
    "_skin_": "sccc849f37274eeaa55033a3bd4fa2c7",
    "_top_": {
        "type": "string",
        "value": "0%"
    },
    "_width_": {
        "type": "string",
        "value": "100%"
    },
    "allboxes": [],
    "autogrowmode": 0,
    "canUpdateUI": true,
    "centerx": {
        "type": "string",
        "value": "50%"
    },
    "children": [
        "btnBack",
        "imgCover",
        "flxWrapper",
        "rtxEatingHouseDescription"
    ],
    "clipbounds": true,
    "containerweight": 100,
    "enablescrolling": true,
    "id": "FlxBackGround",
    "info": null,
    "isvisible": true,
    "kuid": "c4f37172bdb44f05b987646667dacd88",
    "layouttype": 2,
    "name": "kony.ui.FlexContainer",
    "parent": "flxDetailsHeader",
    "pf": "frmFoodOrdering",
    "snapgridsize": 10,
    "snaptogrid": true,
    "wType": "FlexContainer",
    "widgetalignment": 1,
    "zindex": 1
}