{
    "DNDConfig": null,
    "__parentReadjusting__": false,
    "_height_": {
        "type": "string",
        "value": "150dp"
    },
    "_margin_": [
        0,
        0,
        0,
        0
    ],
    "_orientation_": 6,
    "_padding_": [
        0,
        0,
        0,
        0
    ],
    "_percent_": true,
    "_skin_": "sd13ee2bc3e44960ba5e47c602e7be76",
    "_top_": {
        "type": "string",
        "value": "0dp"
    },
    "_width_": {
        "type": "string",
        "value": "90%"
    },
    "allboxes": [],
    "autogrowmode": 0,
    "canUpdateUI": true,
    "centerx": {
        "type": "string",
        "value": "50%"
    },
    "centery": {
        "type": "string",
        "value": "50%"
    },
    "children": [
        "lbllocateusatkey",
        "lbllocateusatValue"
    ],
    "clipbounds": true,
    "containerweight": 100,
    "enablescrolling": true,
    "id": "flxlocateusat",
    "info": null,
    "iscustomlayout": false,
    "isvisible": false,
    "kuid": "ff153d20bb8140cfb7c3ab6f23644e6e",
    "landscape": {
        "width": {
            "type": "string",
            "value": "50%"
        }
    },
    "layouttype": 2,
    "name": "kony.ui.FlexContainer",
    "parent": "flxPopup",
    "pf": "frmFoodOrdering",
    "retaincontentalignment": false,
    "retainflexpositionproperties": false,
    "retainflowhorizontalalignment": false,
    "snapgridsize": 10,
    "snaptogrid": true,
    "wType": "FlexContainer",
    "widgetalignment": 1,
    "zindex": 2
}