{
    "DNDConfig": null,
    "__parentReadjusting__": false,
    "_height_": {
        "type": "string",
        "value": "40%"
    },
    "_left_": {
        "type": "string",
        "value": "10%"
    },
    "_margin_": [
        0,
        0,
        0,
        0
    ],
    "_orientation_": 6,
    "_padding_": [
        0,
        0,
        0,
        0
    ],
    "_percent_": true,
    "_skin_": "s5314f8c1ea34ae9a4d9687c7f517ddb",
    "_width_": {
        "type": "string",
        "value": "20%"
    },
    "allboxes": [],
    "autogrowmode": 0,
    "canUpdateUI": true,
    "centery": {
        "type": "string",
        "value": "80%"
    },
    "children": [
        "ImgMail"
    ],
    "clipbounds": true,
    "containerweight": 100,
    "enablescrolling": true,
    "id": "flxMail",
    "info": null,
    "iscustomlayout": false,
    "isvisible": true,
    "kuid": "i4ecd7f2e7c24c1c8b42f4c9012a8b4c",
    "layouttype": 3,
    "name": "kony.ui.FlexContainer",
    "onclick": "AS_FlexContainer_da802bd5a867446cad4f4f3eb8b96abc",
    "parent": "flxWrapper",
    "pf": "frmFoodOrdering",
    "retaincontentalignment": false,
    "retainflexpositionproperties": false,
    "retainflowhorizontalalignment": false,
    "snapgridsize": 10,
    "snaptogrid": true,
    "wType": "FlexContainer",
    "widgetalignment": 1
}