{
    "@class": "com.kony.gen.viz.model.component.KVizImage2",
    "DNDConfig": null,
    "__parentReadjusting__": false,
    "_base64_": null,
    "_blur_": {
        "enabled": false,
        "value": 0
    },
    "_height_": {
        "type": "string",
        "value": "90%"
    },
    "_left_": {
        "type": "string",
        "value": "0%"
    },
    "_margin_": [
        0,
        0,
        0,
        0
    ],
    "_padding_": [
        0,
        0,
        0,
        0
    ],
    "_skin_": "sfd8de738401489fb71d7b88fa547566",
    "_src_": "food2.jpeg",
    "_top_": {
        "type": "string",
        "value": "0%"
    },
    "_width_": {
        "type": "string",
        "value": "100%"
    },
    "canUpdateUI": true,
    "centerx": {
        "type": "string",
        "value": "50%"
    },
    "containerweight": 100,
    "context": {
        "channel": "mobile",
        "formID": "frmFoodOrdering",
        "platform": "android",
        "templateType": "forms",
        "topLevelBox": null
    },
    "id": "imgCover",
    "imagescalemode": 0,
    "imagewhenfailed": "profile.png",
    "imagewhiledownloading": "arrow_left_white_icon.png",
    "info": null,
    "invokedProperty": "src",
    "isvisible": true,
    "kuid": "f5b09c1df0074d609ad3229ac14a499e",
    "name": "kony.ui.Image2",
    "parent": "FlxBackGround",
    "pf": "frmFoodOrdering",
    "srcType": 1,
    "wType": "Image",
    "widgetalignment": 5,
    "zindex": 1
}