{
    "@class": "com.kony.gen.viz.model.component.KVizRichText",
    "DNDConfig": null,
    "__parentReadjusting__": false,
    "_height_": {
        "type": "ref",
        "value": "preferred"
    },
    "_left_": {
        "type": "string",
        "value": "0dp"
    },
    "_margin_": [
        0,
        0,
        0,
        0
    ],
    "_padding_": [
        0,
        0,
        0,
        0
    ],
    "_skin_": "s453d9ea4f1b425581d664870d4e2ace",
    "_text_": "Foodie. Hungry all the time. Grab the food. Here's the way!!!",
    "_top_": {
        "type": "string",
        "value": "8.14%"
    },
    "_width_": {
        "type": "string",
        "value": "70%"
    },
    "_wrapping_": 2,
    "android": {
        "width": {
            "type": "string",
            "value": "68%"
        }
    },
    "canUpdateUI": true,
    "centerx": {
        "type": "string",
        "value": "50%"
    },
    "containerweight": 100,
    "contentalignment": 2,
    "id": "rtxEatingHouseDescription",
    "info": null,
    "iscustomlayout": false,
    "isvisible": true,
    "kuid": "c324ef6a8cc1424499679b208b2284ac",
    "linkskin": "s9397bcd35ba4261a06524a0cfb1fb17",
    "name": "kony.ui.RichText",
    "parent": "FlxBackGround",
    "pf": "frmFoodOrdering",
    "retaincontentalignment": false,
    "retainflexpositionproperties": false,
    "wType": "RichText",
    "widgetalignment": 5,
    "zindex": 100
}