{
    "@class": "com.kony.gen.viz.model.component.KVizRichText",
    "DNDConfig": null,
    "__parentReadjusting__": false,
    "_height_": {
        "type": "string",
        "value": "100dp"
    },
    "_left_": {
        "type": "string",
        "value": "0dp"
    },
    "_margin_": [
        0,
        0,
        0,
        0
    ],
    "_padding_": [
        0,
        0,
        0,
        0
    ],
    "_skin_": "sab52b5d269744b7b03b5936f1c51d61",
    "_text_": "Eating House",
    "_top_": {
        "type": "string",
        "value": "55.04%"
    },
    "_width_": {
        "type": "string",
        "value": "70%"
    },
    "_wrapping_": 2,
    "android": {
        "width": {
            "type": "string",
            "value": "68%"
        }
    },
    "canUpdateUI": true,
    "centerx": {
        "type": "string",
        "value": "50.00%"
    },
    "containerweight": 100,
    "contentalignment": 2,
    "id": "rtxEatingHouseLogo",
    "info": null,
    "iscustomlayout": false,
    "isvisible": true,
    "kuid": "fe635decc04c4a4182b6d376e545e511",
    "linkskin": "s9397bcd35ba4261a06524a0cfb1fb17",
    "name": "kony.ui.RichText",
    "parent": "flxHeaderBar",
    "pf": "frmFoodOrdering",
    "retaincontentalignment": false,
    "retainflexpositionproperties": false,
    "wType": "RichText",
    "widgetalignment": 5,
    "zindex": 200
}