{
    "@class": "com.kony.gen.viz.model.component.KVizButton",
    "DNDConfig": null,
    "__parentReadjusting__": false,
    "_height_": {
        "type": "string",
        "value": "3.50%"
    },
    "_margin_": [
        6,
        6,
        6,
        6
    ],
    "_padding_": [
        0,
        0,
        0,
        0
    ],
    "_right_": {
        "type": "string",
        "value": "6%"
    },
    "_skin_": "sbe8a7cb72334288ba40624d4fcab02c",
    "_text_": "A",
    "_top_": {
        "type": "string",
        "value": "0%"
    },
    "_width_": {
        "type": "string",
        "value": "56%"
    },
    "canUpdateUI": true,
    "containerweight": 100,
    "contentalignment": 5,
    "displaytext": true,
    "focusskin": "sbe8a7cb72334288ba40624d4fcab02c",
    "id": "A",
    "info": null,
    "isvisible": true,
    "kuid": "a0ab58a0f563487aab78afd0045f819f",
    "name": "kony.ui.Button",
    "paddinginpixel": false,
    "parent": "flxDictionary",
    "pf": "frmList",
    "wType": "Button",
    "zindex": 10
}