{
    "@class": "com.kony.gen.viz.model.component.KVizButton",
    "DNDConfig": null,
    "__parentReadjusting__": false,
    "_height_": {
        "type": "string",
        "value": "100%"
    },
    "_left_": {
        "type": "string",
        "value": "0%"
    },
    "_margin_": [
        6,
        6,
        6,
        6
    ],
    "_padding_": [
        0,
        0,
        0,
        0
    ],
    "_skin_": "se538447455e4ad991f1301a5e1c23d3",
    "_text_": "",
    "_top_": {
        "type": "string",
        "value": "0%"
    },
    "_width_": {
        "type": "string",
        "value": "100%"
    },
    "canUpdateUI": true,
    "containerweight": 100,
    "contentalignment": 5,
    "displaytext": true,
    "focusskin": "se538447455e4ad991f1301a5e1c23d3",
    "id": "btnMenu",
    "info": null,
    "isvisible": true,
    "kuid": "eb4308074a52411f8cfa07cc09f02eae",
    "name": "kony.ui.Button",
    "parent": "flxMenu",
    "pf": "frmList",
    "wType": "Button",
    "zindex": 3
}