{
    "@class": "com.kony.gen.viz.model.component.KVizButton",
    "DNDConfig": null,
    "__parentReadjusting__": false,
    "_height_": {
        "type": "string",
        "value": "90%"
    },
    "_margin_": [
        6,
        6,
        6,
        6
    ],
    "_padding_": [
        0,
        0,
        0,
        0
    ],
    "_right_": {
        "type": "string",
        "value": "0%"
    },
    "_skin_": "s01240d4557e44f988de64408c03bcad",
    "_text_": "Cancel",
    "_width_": {
        "type": "string",
        "value": "16%"
    },
    "canUpdateUI": true,
    "centery": {
        "type": "string",
        "value": "50%"
    },
    "containerweight": 100,
    "contentalignment": 6,
    "displaytext": true,
    "focusskin": "s01240d4557e44f988de64408c03bcad",
    "id": "btnSearchCancel",
    "info": null,
    "isvisible": false,
    "kuid": "ec03064b7c7945cfa61d72357bd005c5",
    "name": "kony.ui.Button",
    "parent": "flxSearch",
    "pf": "frmList",
    "wType": "Button",
    "zindex": 4
}