{
    "DNDConfig": null,
    "__parentReadjusting__": false,
    "_height_": {
        "type": "string",
        "value": "0.10%"
    },
    "_left_": {
        "type": "string",
        "value": "99%"
    },
    "_margin_": [
        0,
        0,
        0,
        0
    ],
    "_orientation_": 6,
    "_padding_": [
        0,
        0,
        0,
        0
    ],
    "_percent_": true,
    "_skin_": "s4af26123a7a4cf5a9dd1d812d2059a6",
    "_top_": {
        "type": "string",
        "value": "99%"
    },
    "_width_": {
        "type": "string",
        "value": "1%"
    },
    "allboxes": [],
    "autogrowmode": 0,
    "canUpdateUI": true,
    "children": [
        "bottomLabel"
    ],
    "clipbounds": true,
    "containerweight": 100,
    "enablescrolling": true,
    "id": "flxBottom",
    "info": null,
    "isvisible": true,
    "kuid": "h7e3eee728a54dc2911643165587a5e3",
    "layouttype": 2,
    "name": "kony.ui.FlexContainer",
    "parent": "flxList",
    "pf": "frmList",
    "snapgridsize": 10,
    "snaptogrid": true,
    "wType": "FlexContainer",
    "widgetalignment": 1,
    "zindex": 10
}