{
    "DNDConfig": null,
    "__parentReadjusting__": false,
    "_height_": {
        "type": "string",
        "value": "26%"
    },
    "_margin_": [
        0,
        0,
        0,
        0
    ],
    "_orientation_": 6,
    "_padding_": [
        0,
        0,
        0,
        0
    ],
    "_percent_": true,
    "_right_": {
        "type": "string",
        "value": "0%"
    },
    "_skin_": "se0195b059314480996d99ef129565ce",
    "_top_": {
        "type": "string",
        "value": "56%"
    },
    "_width_": {
        "type": "string",
        "value": "90.80%"
    },
    "allboxes": [],
    "autogrowmode": 0,
    "canUpdateUI": true,
    "centerx": {
        "type": "string",
        "value": "50%"
    },
    "children": [
        "tbxSearch",
        "imgSearchCenter",
        "lblSearchPlaceholder",
        "imgSearchLeft",
        "btnSearchCancel",
        "flxSearchBg"
    ],
    "clipbounds": true,
    "containerweight": 100,
    "enablescrolling": true,
    "id": "flxSearch",
    "info": null,
    "isvisible": true,
    "kuid": "ec6a0c44453c4918904e1dcdfed40171",
    "landscape": {
        "height": {
            "type": "string",
            "value": "35%"
        }
    },
    "layouttype": 2,
    "name": "kony.ui.FlexContainer",
    "parent": "flxHeader",
    "pf": "frmList",
    "snapgridsize": 10,
    "snaptogrid": true,
    "wType": "FlexContainer",
    "widgetalignment": 1,
    "zindex": 1
}