{
    "@class": "com.kony.gen.viz.model.component.KVizImage2",
    "DNDConfig": null,
    "__parentReadjusting__": false,
    "_base64_": null,
    "_height_": {
        "type": "string",
        "value": "17dp"
    },
    "_left_": {
        "type": "string",
        "value": "43%"
    },
    "_margin_": [
        0,
        0,
        0,
        0
    ],
    "_padding_": [
        0,
        0,
        0,
        0
    ],
    "_skin_": "s8984f6e65814fb290a26772eaa2f934",
    "_src_": "search.png",
    "_width_": {
        "type": "string",
        "value": "17dp"
    },
    "canUpdateUI": true,
    "centery": {
        "type": "string",
        "value": "50%"
    },
    "containerweight": 100,
    "context": {
        "channel": "mobile",
        "formID": "frmList",
        "platform": "android",
        "templateType": "forms",
        "topLevelBox": null
    },
    "id": "imgSearchCenter",
    "imagescalemode": 0,
    "info": null,
    "invokedProperty": "src",
    "isvisible": true,
    "kuid": "a9519737e7124eb7a0b8964afbf85f60",
    "name": "kony.ui.Image2",
    "parent": "flxSearch",
    "pf": "frmList",
    "srcType": 1,
    "wType": "Image",
    "widgetalignment": 5,
    "zindex": 2
}