{
    "@class": "com.kony.gen.viz.model.component.KVizButton",
    "DNDConfig": null,
    "__parentReadjusting__": false,
    "_height_": {
        "type": "string",
        "value": "3.40%"
    },
    "_margin_": [
        6,
        6,
        6,
        6
    ],
    "_padding_": [
        0,
        0,
        0,
        0
    ],
    "_right_": {
        "type": "string",
        "value": "6%"
    },
    "_skin_": "sbe8a7cb72334288ba40624d4fcab02c",
    "_text_": "L",
    "_top_": {
        "type": "string",
        "value": "41.80%"
    },
    "_width_": {
        "type": "string",
        "value": "56%"
    },
    "canUpdateUI": true,
    "containerweight": 100,
    "contentalignment": 5,
    "displaytext": true,
    "focusskin": "sbe8a7cb72334288ba40624d4fcab02c",
    "id": "L",
    "info": null,
    "isvisible": true,
    "kuid": "df513927f7d547a08ad4b1339639f519",
    "name": "kony.ui.Button",
    "parent": "flxDictionary",
    "pf": "frmList",
    "wType": "Button"
}