{
    "@class": "com.kony.gen.viz.model.component.KVizButton",
    "DNDConfig": null,
    "__parentReadjusting__": false,
    "_height_": {
        "type": "string",
        "value": "3.40%"
    },
    "_margin_": [
        6,
        6,
        6,
        6
    ],
    "_padding_": [
        0,
        0,
        0,
        0
    ],
    "_right_": {
        "type": "string",
        "value": "6%"
    },
    "_skin_": "sbe8a7cb72334288ba40624d4fcab02c",
    "_text_": "N",
    "_top_": {
        "type": "string",
        "value": "49.40%"
    },
    "_width_": {
        "type": "string",
        "value": "56%"
    },
    "canUpdateUI": true,
    "containerweight": 100,
    "contentalignment": 5,
    "displaytext": true,
    "focusskin": "sbe8a7cb72334288ba40624d4fcab02c",
    "id": "N",
    "info": null,
    "isvisible": true,
    "kuid": "cc6c3094824643928919f77bad01529e",
    "name": "kony.ui.Button",
    "parent": "flxDictionary",
    "pf": "frmList",
    "wType": "Button"
}