{
    "@class": "com.kony.gen.viz.model.container.KVizSegment2",
    "DNDConfig": null,
    "__parentReadjusting__": false,
    "_data_": [
        {
            "ItemCalories": {
                "@class": "com.viz.ide.model.segment.SimpleTextSegmentData",
                "text": "980 Calories"
            },
            "ItemPrice": {
                "@class": "com.viz.ide.model.segment.SimpleTextSegmentData",
                "text": "$11.00"
            },
            "Itemname": {
                "@class": "com.viz.ide.model.segment.SimpleTextSegmentData",
                "text": "Bacon QPC meal"
            },
            "empimage": {
                "@class": "com.viz.ide.model.segment.ImageSegmentData",
                "src": "food1.jpeg"
            },
            "lbl": {
                "@class": "com.viz.ide.model.segment.SimpleTextSegmentData",
                "text": "lbl"
            }
        },
        {
            "ItemCalories": {
                "@class": "com.viz.ide.model.segment.SimpleTextSegmentData",
                "text": "1000 Calories"
            },
            "ItemPrice": {
                "@class": "com.viz.ide.model.segment.SimpleTextSegmentData",
                "text": "$12.34"
            },
            "Itemname": {
                "@class": "com.viz.ide.model.segment.SimpleTextSegmentData",
                "text": "Burrito"
            },
            "empimage": {
                "@class": "com.viz.ide.model.segment.ImageSegmentData",
                "src": "food2.jpeg"
            },
            "lbl": {
                "@class": "com.viz.ide.model.segment.SimpleTextSegmentData",
                "text": "lbl"
            }
        },
        {
            "ItemCalories": {
                "@class": "com.viz.ide.model.segment.SimpleTextSegmentData",
                "text": "200 Calories"
            },
            "ItemPrice": {
                "@class": "com.viz.ide.model.segment.SimpleTextSegmentData",
                "text": "$9.23"
            },
            "Itemname": {
                "@class": "com.viz.ide.model.segment.SimpleTextSegmentData",
                "text": "Salad"
            },
            "empimage": {
                "@class": "com.viz.ide.model.segment.ImageSegmentData",
                "src": "food1.jpeg"
            },
            "lbl": {
                "@class": "com.viz.ide.model.segment.SimpleTextSegmentData",
                "text": "lbl"
            }
        },
        {
            "ItemCalories": {
                "@class": "com.viz.ide.model.segment.SimpleTextSegmentData",
                "text": "500 Calories"
            },
            "ItemPrice": {
                "@class": "com.viz.ide.model.segment.SimpleTextSegmentData",
                "text": "$5.45"
            },
            "Itemname": {
                "@class": "com.viz.ide.model.segment.SimpleTextSegmentData",
                "text": "Tacos"
            },
            "empimage": {
                "@class": "com.viz.ide.model.segment.ImageSegmentData",
                "src": "food2.jpeg"
            },
            "lbl": {
                "@class": "com.viz.ide.model.segment.SimpleTextSegmentData",
                "text": "lbl"
            }
        },
        {
            "ItemCalories": {
                "@class": "com.viz.ide.model.segment.SimpleTextSegmentData",
                "text": "1200 Calories"
            },
            "ItemPrice": {
                "@class": "com.viz.ide.model.segment.SimpleTextSegmentData",
                "text": "$15.76"
            },
            "Itemname": {
                "@class": "com.viz.ide.model.segment.SimpleTextSegmentData",
                "text": "Butter Chicken Pizza"
            },
            "empimage": {
                "@class": "com.viz.ide.model.segment.ImageSegmentData",
                "src": "food1.jpeg"
            },
            "lbl": {
                "@class": "com.viz.ide.model.segment.SimpleTextSegmentData",
                "text": "lbl"
            }
        },
        {
            "ItemCalories": {
                "@class": "com.viz.ide.model.segment.SimpleTextSegmentData",
                "text": "1034 Calories"
            },
            "ItemPrice": {
                "@class": "com.viz.ide.model.segment.SimpleTextSegmentData",
                "text": "$6.99"
            },
            "Itemname": {
                "@class": "com.viz.ide.model.segment.SimpleTextSegmentData",
                "text": "Indian Garlic Bread"
            },
            "empimage": {
                "@class": "com.viz.ide.model.segment.ImageSegmentData",
                "src": "food2.jpeg"
            },
            "lbl": {
                "@class": "com.viz.ide.model.segment.SimpleTextSegmentData",
                "text": "lbl"
            }
        },
        {
            "ItemCalories": {
                "@class": "com.viz.ide.model.segment.SimpleTextSegmentData",
                "text": "400 Calories"
            },
            "ItemPrice": {
                "@class": "com.viz.ide.model.segment.SimpleTextSegmentData",
                "text": "$7.94"
            },
            "Itemname": {
                "@class": "com.viz.ide.model.segment.SimpleTextSegmentData",
                "text": "Idli Vada"
            },
            "empimage": {
                "@class": "com.viz.ide.model.segment.ImageSegmentData",
                "src": "food1.jpeg"
            },
            "lbl": {
                "@class": "com.viz.ide.model.segment.SimpleTextSegmentData",
                "text": "lbl"
            }
        },
        {
            "ItemCalories": {
                "@class": "com.viz.ide.model.segment.SimpleTextSegmentData",
                "text": "700 Calories"
            },
            "ItemPrice": {
                "@class": "com.viz.ide.model.segment.SimpleTextSegmentData",
                "text": "$8.34"
            },
            "Itemname": {
                "@class": "com.viz.ide.model.segment.SimpleTextSegmentData",
                "text": "Poori Masala"
            },
            "empimage": {
                "@class": "com.viz.ide.model.segment.ImageSegmentData",
                "src": "food2.jpeg"
            },
            "lbl": {
                "@class": "com.viz.ide.model.segment.SimpleTextSegmentData",
                "text": "lbl"
            }
        }
    ],
    "_height_": {
        "type": "string",
        "value": "100%"
    },
    "_indicator_": "none",
    "_left_": {
        "type": "string",
        "value": "0dp"
    },
    "_margin_": [
        0,
        0,
        0,
        0
    ],
    "_orientation_": 2,
    "_padding_": [
        0,
        0,
        0,
        0
    ],
    "_top_": {
        "type": "string",
        "value": "0dp"
    },
    "_width_": {
        "type": "string",
        "value": "100%"
    },
    "autogrowmode": 0,
    "canUpdateUI": true,
    "containerweight": 100,
    "counter": "07",
    "focusedindex": null,
    "focuseditem": null,
    "generatedtemplate": "bdc1c96923c34249b9d2a9e46b0ab9e0",
    "groupcells": false,
    "hasSections": false,
    "id": "segItems",
    "info": null,
    "ipad": {
        "psp": {
            "indicator": "rowselect"
        }
    },
    "iphone": {
        "psp": {
            "indicator": "none"
        }
    },
    "isvisible": true,
    "kuid": "b5dce62789f54c4483b200a02e1771db",
    "masterdata": {},
    "name": "kony.ui.SegmentedUI2",
    "needpageindicator": true,
    "onrowclick": "AS_Segment_f8cbda517b184b299b8a575e43b96c36",
    "pageoffdotimage": "pageoffdot.png",
    "pageondotimage": "pageondot.png",
    "paginationconfig": {
        "position": "bottom"
    },
    "parent": "flxSeg",
    "pf": "frmList",
    "retainselection": false,
    "rowTemplateId": "bdc1c96923c34249b9d2a9e46b0ab9e0",
    "rowcounter": 7,
    "rowfocusskin": "s3e6e4285c4b4f06836733c1e44010af",
    "rowskin": "sb554f8795ed4fd89745e77ae5b0e202",
    "rowtemplate": "datacontainer",
    "seccounter": 0,
    "sectionheaderskin": "s9147eba89e047a9a63e6a687ae2efcf",
    "selectedRows": null,
    "selectedState": false,
    "selectedindex": null,
    "selectedindices": null,
    "selecteditems": null,
    "selectedsectionindex": 0,
    "selectionbehavior": "default",
    "selectionbehaviorconfig": {},
    "separatorcolor": "64646400",
    "separatorrequired": false,
    "separatorthickness": 0,
    "showscrollbars": false,
    "viewtype": "tableview",
    "vizProps": {},
    "wType": "Segment",
    "widgetalignment": 5,
    "widgetdatamap": {
        "ItemCalories": "ItemCalories",
        "ItemPrice": "ItemPrice",
        "Itemname": "Itemname",
        "colorflx": "colorflx",
        "empimage": "empimage",
        "flxImageHolder": "flxImageHolder",
        "lbl": "lbl"
    },
    "zindex": 2
}