{
    "@class": "com.kony.gen.viz.model.component.KVizTextBox2",
    "DNDConfig": null,
    "__parentReadjusting__": false,
    "_height_": {
        "type": "string",
        "value": "100%"
    },
    "_left_": {
        "type": "string",
        "value": "0%"
    },
    "_margin_": [
        0,
        0,
        0,
        0
    ],
    "_padding_": [
        10,
        0,
        0,
        0
    ],
    "_placeholder_": "",
    "_skin_": "sf581b8a93b94d1bb60055687598762e",
    "_text_": "",
    "_top_": {
        "type": "string",
        "value": "0%"
    },
    "_width_": {
        "type": "string",
        "value": "100%"
    },
    "android": {},
    "autocapitalize": "none",
    "autocomplete": false,
    "autocorrect": false,
    "autofilter": false,
    "canUpdateUI": true,
    "containerheight": "",
    "containerheightmode": 1,
    "containerweight": 100,
    "contentalignment": 4,
    "focusskin": "sf581b8a93b94d1bb60055687598762e",
    "id": "tbxSearch",
    "info": null,
    "iphone": {
        "psp": {
            "closeButtonText": "",
            "showClearButton": false,
            "showCloseButton": false
        }
    },
    "isvisible": true,
    "keyboardtype": "A",
    "kuid": "a9bd931943024e8c9a01abd6fab0e19a",
    "mode": "A",
    "name": "kony.ui.TextBox2",
    "paddinginpixel": false,
    "parent": "flxSearch",
    "pf": "frmList",
    "placeholderskin": "s632c53fd0ae4055afcb0067a6c722eb",
    "securetextentry": false,
    "showclearbutton": true,
    "textinputmode": "A",
    "viewtype": "default",
    "wType": "TextField",
    "zindex": 5
}