{
    "AS_Button_e326feb43e0e4f8086d1e9a666bea044": {
        "id": "AS_Button_e326feb43e0e4f8086d1e9a666bea044",
        "type": "ACTION_SEQUENCE",
        "params": [{
            "datatype": "collection",
            "name": "eventobject"
        }],
        "language": "js",
        "actions": [{
            "id": "NAVIGATE_TO_FORM__onClick_h99f50f536a54c499d89f122bb785f2f",
            "type": "NAVIGATE_TO_FORM",
            "formId": "frmList",
            "formKUID": "d5d0ca6d3e404a9997dfa1b462ed95e5",
            "mappings": {},
            "mappingsOrder": [],
            "parentId": "",
            "callbackType": null,
            "enableMappingEditor": true,
            "package": "",
            "navigationObj": "{\n    \"_meta_\": {\n        \"eventName\": \"onClick\",\n        \"widgetId\": \"btnBack\"\n    }\n}",
            "isCustomInput": false
        }]
    }
}