{
    "AS_Form_cb17bfd7e78a482e862dc8902c97a0f8": {
        "id": "AS_Form_cb17bfd7e78a482e862dc8902c97a0f8",
        "type": "ACTION_SEQUENCE",
        "params": [{
            "datatype": "collection",
            "name": "eventobject"
        }],
        "contextObj": {
            "name": "frmList",
            "type": "forms",
            "platform": "",
            "KUID": "d5d0ca6d3e404a9997dfa1b462ed95e5"
        },
        "language": "js",
        "actions": [{
            "id": "ADD_SNIPPET__d58c286893a64f6eb611e604d81fe3f7",
            "type": "ADD_SNIPPET",
            "codeSnippet": "this.view.segEmployees.setData([]);",
            "parentId": null,
            "callbackType": null
        }]
    }
}