{
    "AS_FlexContainer_b59520c22575427fbf24cdac7a335128": {
        "id": "AS_FlexContainer_b59520c22575427fbf24cdac7a335128",
        "type": "ACTION_SEQUENCE",
        "params": [{
            "datatype": "collection",
            "name": "eventobject"
        }],
        "contextObj": {
            "name": "frmFoodOrdering",
            "type": "forms",
            "platform": "",
            "KUID": "dbb30e588b6941c192f415b36e04fa9e"
        },
        "language": "js",
        "actions": [{
            "id": "ADD_SNIPPET__he50558edced4ee99e6274d462e35a54",
            "type": "ADD_SNIPPET",
            "codeSnippet": "this.view.flxPopup.isVisible = true;\nthis.view.flxcallusat.isVisible = false;\nthis.view.flxmailusat.isVisible = false;\nthis.view.flxlocateusat.isVisible = true;",
            "parentId": null,
            "callbackType": null
        }]
    }
}