{
    "AS_FlexContainer_da802bd5a867446cad4f4f3eb8b96abc": {
        "id": "AS_FlexContainer_da802bd5a867446cad4f4f3eb8b96abc",
        "type": "ACTION_SEQUENCE",
        "params": [{
            "datatype": "collection",
            "name": "eventobject"
        }],
        "contextObj": {
            "name": "frmFoodOrdering",
            "type": "forms",
            "platform": "",
            "KUID": "dbb30e588b6941c192f415b36e04fa9e"
        },
        "language": "js",
        "actions": [{
            "id": "ADD_SNIPPET__if2506c69cb241a4bcf8f569cfdb8bc4",
            "type": "ADD_SNIPPET",
            "codeSnippet": "this.view.flxPopup.isVisible = true;\nthis.view.flxcallusat.isVisible = false;\nthis.view.flxmailusat.isVisible = true;\nthis.view.flxlocateusat.isVisible = false;",
            "parentId": null,
            "callbackType": null
        }]
    }
}