{
    "AS_Form_j505648b850b4b5392c0701fe7b7f4cf": {
        "id": "AS_Form_j505648b850b4b5392c0701fe7b7f4cf",
        "type": "ACTION_SEQUENCE",
        "params": [{
            "datatype": "collection",
            "name": "eventobject"
        }],
        "contextObj": {
            "name": "frmList",
            "type": "forms",
            "platform": "",
            "KUID": "d5d0ca6d3e404a9997dfa1b462ed95e5"
        },
        "language": "js",
        "actions": [{
            "id": "ADD_SNIPPET__e19b879100de44c78314e4cdd29f698f",
            "type": "ADD_SNIPPET",
            "codeSnippet": "this.fetchAllDetails();",
            "parentId": null,
            "callbackType": null
        }]
    }
}