{
    "AS_FlexContainer_f893c2746cbe4deea70278aa2dea87f8": {
        "id": "AS_FlexContainer_f893c2746cbe4deea70278aa2dea87f8",
        "type": "ACTION_SEQUENCE",
        "params": [{
            "datatype": "collection",
            "name": "eventobject"
        }],
        "contextObj": {
            "name": "frmFoodOrdering",
            "type": "forms",
            "platform": "",
            "KUID": "dbb30e588b6941c192f415b36e04fa9e"
        },
        "language": "js",
        "actions": [{
            "id": "ADD_SNIPPET__d89774dd39274d688c7808d7c0053814",
            "type": "ADD_SNIPPET",
            "codeSnippet": "this.view.flxPopup.isVisible = true;\nthis.view.flxcallusat.isVisible = true;\nthis.view.flxmailusat.isVisible = false;\nthis.view.flxlocateusat.isVisible = false;",
            "parentId": null,
            "callbackType": null
        }]
    }
}