{
    "AS_FlexContainer_cc2e34a6573b4d7d97cfd2179b84fb74": {
        "id": "AS_FlexContainer_cc2e34a6573b4d7d97cfd2179b84fb74",
        "type": "ACTION_SEQUENCE",
        "params": [{
            "datatype": "collection",
            "name": "eventobject"
        }],
        "contextObj": {
            "name": "frmFoodOrdering",
            "type": "forms",
            "platform": "",
            "KUID": "dbb30e588b6941c192f415b36e04fa9e"
        },
        "language": "js",
        "actions": [{
            "id": "ADD_SNIPPET__i573a2f0adb14e6598e43aa4d1205051",
            "type": "ADD_SNIPPET",
            "codeSnippet": "this.view.flxPopup.isVisible = false;",
            "parentId": null,
            "callbackType": null
        }]
    }
}