{
    "AS_Segment_f8cbda517b184b299b8a575e43b96c36": {
        "id": "AS_Segment_f8cbda517b184b299b8a575e43b96c36",
        "type": "ACTION_SEQUENCE",
        "params": [{
            "datatype": "collection",
            "name": "eventobject"
        }, {
            "datatype": "number",
            "name": "sectionNumber"
        }, {
            "datatype": "number",
            "name": "rowNumber"
        }],
        "contextObj": {
            "name": "frmList",
            "type": "forms",
            "platform": "",
            "KUID": "d5d0ca6d3e404a9997dfa1b462ed95e5"
        },
        "language": "js",
        "actions": [{
            "id": "NAVIGATE_TO_FORM___h37d521011084bfd97a0182b4ef1702a",
            "type": "NAVIGATE_TO_FORM",
            "formKUID": "f88e1b3dd457425cb5f70d2a846d7863",
            "mappings": {},
            "mappingsOrder": [],
            "parentId": "",
            "callbackType": null,
            "enableMappingEditor": true,
            "package": "",
            "navigationObj": "{\n    \"_meta_\": {\n        \"eventName\": \"onRowClick\",\n        \"widgetId\": \"segItems\"\n    }\n}",
            "isCustomInput": false
        }]
    }
}