{
    "DNDConfig": null,
    "__parentReadjusting__": false,
    "_height_": {
        "type": "string",
        "value": "18%"
    },
    "_margin_": [
        0,
        0,
        0,
        0
    ],
    "_orientation_": 6,
    "_padding_": [
        0,
        0,
        0,
        0
    ],
    "_percent_": true,
    "_skin_": "s0ba6dc7271f49399f6ba1d0a3c0154f",
    "allboxes": [],
    "autogrowmode": 0,
    "canUpdateUI": true,
    "children": [
        "Itemname",
        "ItemCalories",
        "ItemPrice",
        "colorflx",
        "flxImageHolder"
    ],
    "clipbounds": true,
    "containerId": true,
    "containerweight": 100,
    "controllerInfo": {
        "default": {
            "channel": "mobile",
            "name": "datacontainerController"
        }
    },
    "enablescrolling": true,
    "id": "datacontainer",
    "info": null,
    "isGeneratedTemplate": true,
    "isTemplate": true,
    "isvisible": true,
    "kuid": "bdc1c96923c34249b9d2a9e46b0ab9e0",
    "layouttype": 2,
    "masterType": 1,
    "name": "kony.ui.FlexContainer",
    "parent": "segRowTemplate",
    "pf": "datacontainer",
    "snapgridsize": 10,
    "snaptogrid": true,
    "wType": "FlexContainer",
    "widgetalignment": 1
}