{
    "@class": "com.kony.gen.viz.model.component.KVizLabel",
    "DNDConfig": null,
    "__parentReadjusting__": false,
    "_height_": {
        "type": "ref",
        "value": "preferred"
    },
    "_left_": {
        "type": "string",
        "value": "33%"
    },
    "_margin_": [
        1,
        1,
        1,
        1
    ],
    "_padding_": [
        0,
        0,
        0,
        0
    ],
    "_skin_": "s632fe0aae6745dd85d198398ec4723a",
    "_text_": "Acker,clara",
    "_top_": {
        "type": "string",
        "value": "20%"
    },
    "_width_": {
        "type": "ref",
        "value": "preferred"
    },
    "_wrapping_": 2,
    "android": {
        "render": true,
        "textStyle": {
            "letterSpacing": 0,
            "strikeThrough": false
        }
    },
    "canUpdateUI": true,
    "containerId": true,
    "containerweight": 100,
    "contentalignment": 4,
    "id": "Itemname",
    "info": null,
    "ipad": {
        "psp": {
            "wrapping": 2
        }
    },
    "iphone": {
        "psp": {
            "wrapping": 2
        },
        "render": true
    },
    "isvisible": true,
    "kuid": "j839fa3b7c5f4a09b60163739a3e99f9",
    "masterType": 1,
    "name": "kony.ui.Label",
    "parent": "datacontainer",
    "pf": "datacontainer",
    "spaan": {
        "render": true
    },
    "spabb": {
        "render": true
    },
    "spaip": {
        "render": true
    },
    "spawinphone8": {
        "render": true
    },
    "textstyle": {},
    "tooltip": "",
    "wType": "Label",
    "winphone8": {
        "contentAlignment": 1,
        "render": true
    },
    "zindex": 2
}